molecule_chembl_id,canonical_smiles,standard_value,bioactivity_class
CHEMBL545315,C=CC(=O)Nc1cc2c(Nc3ccc(F)c(Cl)c3)ncnc2cc1OCCCN1CCOCC1.Cl.Cl,1.6,active
CHEMBL7917,COc1cc2ncnc(Nc3cccc(Cl)c3)c2cc1OC,100.0,active
CHEMBL341946,O=C(NCCCc1ccccc1)c1cc(NCc2cc(O)ccc2O)ccc1O,1000.0,active
CHEMBL4284413,O=C(Nc1nccs1)C(c1ccccc1)N1Cc2ccccc2C1=O,10000.0,inactive
CHEMBL4434788,CC(C)(O)Cn1/c(=N/C(=O)c2ccnc(-c3ccccc3)c2)[nH]c2ccccc21,10000.0,inactive
CHEMBL388978,CN[C@@H]1C[C@H]2O[C@@](C)([C@@H]1OC)n1c3ccccc3c3c4c(c5c6ccccc6n2c5c31)C(=O)NC4,10000.0,inactive
CHEMBL426587,CN(C)CCCn1nc(C2=C(c3cn(-c4csc5ccccc45)c4ccccc34)C(=O)NC2=O)c2ccccc21,10000.0,inactive
CHEMBL359486,CN(C)CCCn1nc(C2=C(c3cn(-c4cnc5ccccc5c4)c4ccccc34)C(=O)NC2=O)c2ccccc21,10000.0,inactive
CHEMBL360304,CN(C)CCCn1nc(C2=C(c3cn(-c4cccc5ccccc45)c4ccccc34)C(=O)NC2=O)c2ccccc21,10000.0,inactive
CHEMBL368895,CN(C)CCCn1nc(C2=C(c3cn(-c4ccc5ccccc5c4)c4ccccc34)C(=O)NC2=O)c2ccccc21,10000.0,inactive
CHEMBL368416,CN(C)CCCn1nc(C2=C(c3cn(-c4cccnc4)c4ccccc34)C(=O)NC2=O)c2ccccc21,10000.0,inactive
CHEMBL137924,O=C(NCCc1ccccc1)c1cc(NCc2cc(O)ccc2O)ccc1O,10000.0,inactive
CHEMBL178945,CN(C)CCCn1nc(C2=C(c3cn(-c4cccs4)c4ccccc34)C(=O)NC2=O)c2ccccc21,10000.0,inactive
CHEMBL292323,COc1cccc2c(C(=O)Nc3ccccc3)c(SSc3c(C(=O)Nc4ccccc4)c4cccc(OC)c4n3C)n(C)c12,100000.0,inactive
CHEMBL62176,CN1C(=S)C(C(=O)Nc2ccccc2)c2ccccc21,100000.0,inactive
CHEMBL343071,O=C(NCc1ccccc1)c1ccc(NCc2cc(O)ccc2O)cc1,100000.0,inactive
CHEMBL440529,COc1ccc(CCNC(=O)c2cc(NCc3cc(O)ccc3O)ccc2O)cc1,100000.0,inactive
CHEMBL304414,Cn1c(SSc2c(C(=O)Nc3ccccc3)c3ccccc3n2C)c(C(=O)Nc2ccccc2)c2ccccc21,100000.0,inactive
CHEMBL5439330,CN(C(=O)NC1CCCC1)c1ccccc1,100000.0,inactive
CHEMBL5594443,COc1ccc(-c2cc(C(=O)Oc3ccc(C=O)cc3OC)nn2-c2ccc(S(N)(=O)=O)cc2)cc1,1000000.0,inactive
CHEMBL5592717,Cc1ccc(-c2cc(C(=O)Nc3ccc(S(N)(=O)=O)cc3)nn2-c2ccccc2)cc1,1000000.0,inactive
CHEMBL5425333,CN(C(=O)NC1CCCC1)c1ccccn1,1000000.0,inactive
CHEMBL5420832,CN(C(=O)N(C)C1CCCC1)c1ccccn1,1000000.0,inactive
CHEMBL5401602,CN(C(=O)Nc1ccccc1)C1CCCC1,1000000.0,inactive
CHEMBL266995,Oc1cc(O)c2c(O)c(-c3cccc(Cl)c3)cnc2c1,10200.0,inactive
CHEMBL152448,CN(CO)/N=N/c1ccc2ncnc(Nc3cccc(Br)c3)c2c1,110.0,active
CHEMBL4562138,Cc1cc2cc(n1)-c1cnn(C)c1OCCC[C@@H](C)CN1/C(=N/C2=O)Nc2ccccc21,1100.0,intermediate
CHEMBL5590555,Cc1ccc(-c2cc(C(=O)Nc3ccc(S(C)(=O)=O)cc3)nn2-c2ccccc2)cc1,110000.0,inactive
CHEMBL339727,COc1ccc(Cc2nc(NC3=NC(=O)N(C)C3=O)n(C)c2Cc2ccc(O)cc2)cc1,11300.0,inactive
CHEMBL440453,COc1cc(O)c2c(O)c(-c3cccc(Cl)c3)cnc2c1,11400.0,inactive
CHEMBL5411911,CN(C(=O)N(C)C1CCCC1)c1ccccc1,125892.54,inactive
CHEMBL152922,CC(=O)OCN(C)/N=N/c1ccc2ncnc(Nc3cccc(Br)c3)c2c1,130.0,active
CHEMBL4519157,O=C1/N=C2\Nc3ccccc3N2CCCCCOc2ccccc2-c2cc1ccn2,1300.0,intermediate
CHEMBL939,COc1cc2ncnc(Nc3ccc(F)c(Cl)c3)c2cc1OCCCN1CCOCC1,14.4,active
CHEMBL122397,CCCCCCNC(=O)c1cc(NCc2cc(O)ccc2O)ccc1O,14000.0,inactive
CHEMBL5424516,COc1cc2ncnc(NCc3ccc(NC(=O)C(c4ccccc4)N4Cc5ccccc5C4=O)cc3)c2cc1OCCCN1CCOCC1,1450.0,intermediate
CHEMBL137897,O=C(NCCc1ccccn1)c1cc(NCc2cc(O)ccc2O)ccc1O,15000.0,inactive
CHEMBL5438568,COc1cc2ncnc(Nc3ccc(F)c(Cl)c3)c2cc1OC(=O)/C=C/n1cc(F)c(=O)[nH]c1=O,158.49,active
CHEMBL7827,O=c1c(-c2cccc(Cl)c2)coc2cc(O)cc(O)c12,16000.0,inactive
CHEMBL5593705,CS(=O)(=O)c1ccc(NC(=O)c2cc(-c3ccc(Cl)cc3)n(-c3ccccc3)n2)cc1,1700.0,intermediate
CHEMBL553,C#Cc1cccc(Nc2ncnc3cc(OCCOC)c(OCCOC)cc23)c1,19.3,active
CHEMBL2110732,COc1cc2ncnc(Nc3ccc(F)c(Cl)c3)c2cc1NC(=O)/C=C/CN1CCCCC1,19.95,active
CHEMBL4537790,Cc1cc2cc(n1)-c1cnn(C)c1OCCC[C@@H](C)CN1/C(=N/C2=O)Nc2ccc(CN3CCN(C)CC3)cc21,190.0,active
CHEMBL4555578,O=C(Nc1ccccc1)NC1CCCC1,199526.23,inactive
CHEMBL137189,C/N=N/Nc1ccc2ncnc(Nc3cccc(C)c3)c2c1,200.0,active
CHEMBL344614,O=C(NCCc1ccccc1)c1ccc(NCc2cc(O)ccc2O)cc1,200000.0,inactive
CHEMBL339550,COc1ccc(Cc2cn(Cc3ccc(O)cc3)c(NC3=NC(=O)N(C)C3=O)n2)cc1,22700.0,inactive
CHEMBL4550104,Cc1cc2cc(n1)-c1cnn(C)c1OCCCCCN1/C(=N/C2=O)Nc2ccccc21,2300.0,intermediate
CHEMBL62701,Cn1c(SSc2c(C(=O)Nc3ccccc3)c3cccnc3n2C)c(C(=O)Nc2ccccc2)c2cccnc21,25000.0,inactive
CHEMBL4566193,Cn1ncc2c1OCCCCCN1/C(=N/C(=O)c3cc(F)nc-2c3)Nc2ccccc21,270.0,active
CHEMBL5595541,NS(=O)(=O)c1ccc(NC(=O)c2cc(-c3ccc(Cl)cc3)n(-c3ccccc3)n2)cc1,2700.0,intermediate
CHEMBL7819,COc1cc(O)c2c(=O)c(-c3cccc(Cl)c3)cn(C)c2c1,2830.0,intermediate
CHEMBL141271,O=C(NCCc1ccc(O)cc1)c1cc(NCc2cc(O)ccc2O)ccc1O,300000.0,inactive
CHEMBL422643,O=C(NCCCc1ccccc1)c1ccc(NCc2cc(O)ccc2O)cc1,33000.0,inactive
CHEMBL1336,CNC(=O)c1cc(Oc2ccc(NC(=O)Nc3ccc(Cl)c(C(F)(F)F)c3)cc2)ccn1,3500.0,intermediate
CHEMBL138340,CCCCCCCCCCCCNC(=O)c1cc(NCc2cc(O)ccc2O)ccc1O,35000.0,inactive
CHEMBL137828,O=C(NCCc1ccc(Br)cc1)c1cc(NCc2cc(O)ccc2O)ccc1O,35000.0,inactive
CHEMBL4449589,CC(C)(O)Cn1/c(=N/C(=O)c2ccnc(-c3cccnc3)c2)[nH]c2ccccc21,3600.0,intermediate
CHEMBL340520,COc1ccc(Cc2cn(Cc3ccc(OC)cc3)c(NC3=NC(=O)N(C)C3=O)n2)cc1,36900.0,inactive
CHEMBL5411401,O=C(Nc1ccccn1)NC1CCCC1,398107.17,inactive
CHEMBL52765,Nc1ccc2ncnc(Nc3cccc(Br)c3)c2c1,40.0,active
CHEMBL142135,O=C(NC1CCc2ccccc2C1)c1cc(NCc2cc(O)ccc2O)ccc1O,4000.0,intermediate
CHEMBL44918,O=C(NCCc1ccc(F)cc1)c1cc(NCc2cc(O)ccc2O)ccc1O,4000.0,intermediate
CHEMBL7339,COc1cc(O)c2c(=O)c(-c3cccc(Cl)c3)coc2c1,45200.0,inactive
CHEMBL66031,Brc1cccc(Nc2ncnc3cc4[nH]cnc4cc23)c1,46.0,active
CHEMBL137829,O=C(NCCc1ccc(Cl)cc1)c1cc(NCc2cc(O)ccc2O)ccc1O,46000.0,inactive
CHEMBL7981,COc1cc(OC)c2c(=O)c(-c3cccc(Cl)c3)coc2c1,46200.0,inactive
CHEMBL7810,COc1cc(O)c2c(=O)c(-c3cccc(Cl)c3)cn(CCc3ccccc3)c2c1,4930.0,intermediate
CHEMBL5429059,COc1cc2ncnc(Nc3ccc(F)c(Cl)c3)c2cc1NC(=O)/C=C/n1cc(F)c(=O)[nH]c1=O,50.12,active
CHEMBL5595106,COc1cc(C=O)ccc1OC(=O)c1cc(-c2ccc(C)cc2)n(-c2ccc(S(N)(=O)=O)cc2)n1,50000.0,inactive
CHEMBL139833,O=C(NCCN1CCOCC1)c1cc(NCc2cc(O)ccc2O)ccc1O,50000.0,inactive
CHEMBL138698,O=C(NCCc1ccccc1)c1cccc(NCc2cc(O)ccc2O)c1,500000.0,inactive
CHEMBL4525935,Cn1cc(-c2cc(C(=O)/N=c3\[nH]c4ccccc4n3CC(C)(C)O)ccn2)cn1,5100.0,intermediate
CHEMBL153577,CC(=O)N(C)/N=N/c1ccc2ncnc(Nc3cccc(C)c3)c2c1,578.0,active
CHEMBL5440872,COc1cc2ncnc(Nc3ccc(F)c(Cl)c3)c2cc1OC(=O)/C=C/CN1CCCCC1,7.943,active
CHEMBL137617,C/N=N/Nc1ccc2ncnc(Nc3cccc(Br)c3)c2c1,70.0,active
CHEMBL4532034,COc1ccncc1-c1cc(C(=O)/N=c2\[nH]c3ccccc3n2CC(C)(C)O)ccn1,700.0,active
CHEMBL5430172,CN(C(=O)Nc1ccccn1)C1CCCC1,794328.23,inactive
CHEMBL140774,O=C(NCc1ccccc1)c1cc(NCc2cc(O)ccc2O)ccc1O,8000.0,intermediate
CHEMBL3353410,C=CC(=O)Nc1cc(Nc2nccc(-c3cn(C)c4ccccc34)n2)c(OC)cc1N(C)CCN(C)C,81.0,active
CHEMBL7866,COC(=O)Cn1cc(-c2cccc(Cl)c2)c(=O)c2c(O)cc(OC)cc21,9550.0,intermediate
